Filename,Year,Month,Date,Description,Type of Notice,Number of Repos Affected
2021-01-04-bmcic.md,2021,01,04,bmcic.md,takedown,1
2021-01-04-zenith-bank.md,2021,01,04,zenith-bank.md,takedown,1
2021-01-05-cs335-counternotice.md,2021,01,05,cs335-counternotice.md,counternotice,1
2021-01-05-ucsd-cs.md,2021,01,05,ucsd-cs.md,takedown,1
2021-01-07-cnnbrasil.md,2021,01,07,cnnbrasil.md,takedown,18
2021-01-07-search-engine.md,2021,01,07,search-engine.md,takedown,1
2021-01-08-wipro-retraction.md,2021,01,08,wipro-retraction.md,retraction,1
2021-01-11-antorient.md,2021,01,11,antorient.md,takedown,2
2021-01-11-awesome-restaurant.md,2021,01,11,awesome-restaurant.md,takedown,1
2021-01-11-crackingthecodinginterview.md,2021,01,11,crackingthecodinginterview.md,takedown,620
2021-01-11-gameaiprogramming.md,2021,01,11,gameaiprogramming.md,takedown,6
2021-01-11-hactivate.md,2021,01,11,hactivate.md,takedown,4
2021-01-11-hpomb.md,2021,01,11,hpomb.md,takedown,1
2021-01-11-insta485test.md,2021,01,11,insta485test.md,takedown,1
2021-01-12-bitrix.md,2021,01,12,bitrix.md,takedown,1
2021-01-12-kyoko.md,2021,01,12,kyoko.md,takedown,15
2021-01-12-rfcommunity.md,2021,01,12,rfcommunity.md,takedown,1
2021-01-12-tiktok.md,2021,01,12,tiktok.md,takedown,5
2021-01-13-sharing.md,2021,01,13,sharing.md,takedown,3
2021-01-13-ventasYii.md,2021,01,13,ventasYii.md,takedown,1
2021-01-14-cogs.md,2021,01,14,cogs.md,takedown,2
2021-01-14-coursefarming.md,2021,01,14,coursefarming.md,takedown,1
2021-01-14-fairmint.md,2021,01,14,fairmint.md,takedown,2
2021-01-14-hackreactor-2.md,2021,01,14,hackreactor-2.md,takedown,3
2021-01-14-hackreactor.md,2021,01,14,hackreactor.md,takedown,1
2021-01-14-jetbrains.md,2021,01,14,jetbrains.md,takedown,1
2021-01-14-mpa.md,2021,01,14,mpa.md,takedown,1
2021-01-14-neyrokod.md,2021,01,14,neyrokod.md,takedown,3
2021-01-14-pyimagesearch.md,2021,01,14,pyimagesearch.md,takedown,1
2021-01-14-selfcare.md,2021,01,14,selfcare.md,takedown,1
2021-01-14-siganow.md,2021,01,14,siganow.md,takedown,17
2021-01-14-smartbi-fe.md,2021,01,14,smartbi-fe.md,takedown,3
2021-01-14-superstore-finder.md,2021,01,14,superstore-finder.md,takedown,1
2021-01-14-uhubctl.md,2021,01,14,uhubctl.md,takedown,2
2021-01-15-automotive-ethernet.md,2021,01,15,automotive-ethernet.md,takedown,15
2021-01-15-backend-theme.md,2021,01,15,backend-theme.md,takedown,3
2021-01-15-codility.md,2021,01,15,codility.md,takedown,3
2021-01-15-coursefarming.md,2021,01,15,coursefarming.md,takedown,1
2021-01-15-ece297.md,2021,01,15,ece297.md,takedown,1
2021-01-15-hackreactor.md,2021,01,15,hackreactor.md,takedown,3
2021-01-15-pizza-modifiers.md,2021,01,15,pizza-modifiers.md,takedown,1
2021-01-15-theme-grocery.md,2021,01,15,theme-grocery.md,takedown,2
2021-01-15-yesbank.md,2021,01,15,yesbank.md,takedown,1
2021-01-19-adp.md,2021,01,19,adp.md,takedown,1
2021-01-19-changNingOA.md,2021,01,19,changNingOA.md,takedown,6
2021-01-19-dank-mono-2.md,2021,01,19,dank-mono-2.md,takedown,1
2021-01-19-dank-mono.md,2021,01,19,dank-mono.md,takedown,1
2021-01-19-ebupt.md,2021,01,19,ebupt.md,takedown,2
2021-01-19-essential-scrum.md,2021,01,19,essential-scrum.md,takedown,1
2021-01-19-jetbrains.md,2021,01,19,jetbrains.md,takedown,269
2021-01-19-log2base2.md,2021,01,19,log2base2.md,takedown,1
2021-01-19-megvii.md,2021,01,19,megvii.md,takedown,29
2021-01-19-mobilewallet.md,2021,01,19,mobilewallet.md,takedown,5
2021-01-19-northwoods-npm-2.md,2021,01,19,northwoods-npm-2.md,takedown,1
2021-01-19-northwoods-npm-3.md,2021,01,19,northwoods-npm-3.md,takedown,1
2021-01-19-northwoods-npm-4.md,2021,01,19,northwoods-npm-4.md,takedown,1
2021-01-19-northwoods-npm.md,2021,01,19,northwoods-npm.md,takedown,1
2021-01-19-phonepe.md,2021,01,19,phonepe.md,takedown,1
2021-01-19-qualcomm.md,2021,01,19,qualcomm.md,takedown,3
2021-01-19-rusherhack.md,2021,01,19,rusherhack.md,takedown,2
2021-01-19-vertigoboost.md,2021,01,19,vertigoboost.md,takedown,1
2021-01-19-zvirusgen.md,2021,01,19,zvirusgen.md,takedown,2
2021-01-20-debensageserialportdriver.md,2021,01,20,debensageserialportdriver.md,takedown,1
2021-01-20-devexpress.md,2021,01,20,devexpress.md,takedown,2
2021-01-20-mpa-reversal.md,2021,01,20,mpa-reversal.md,reversal,1
2021-01-20-odoosa.md,2021,01,20,odoosa.md,takedown,11
2021-01-21-TD.md,2021,01,21,TD.md,takedown,1
2021-01-21-amazon.md,2021,01,21,amazon.md,takedown,2
2021-01-21-bendingspoons.md,2021,01,21,bendingspoons.md,takedown,1
2021-01-21-discordbot.md,2021,01,21,discordbot.md,takedown,2
2021-01-21-hackreactor.md,2021,01,21,hackreactor.md,takedown,16
2021-01-21-labelzebraprinter.md,2021,01,21,labelzebraprinter.md,takedown,6
2021-01-21-legiit.md,2021,01,21,legiit.md,takedown,1
2021-01-21-mastermind.md,2021,01,21,mastermind.md,takedown,3
2021-01-21-netease.md,2021,01,21,netease.md,takedown,5
2021-01-21-readykit.md,2021,01,21,readykit.md,takedown,1
2021-01-22-brainfights.md,2021,01,22,brainfights.md,takedown,4
2021-01-22-geeks-for-geeks.md,2021,01,22,geeks-for-geeks.md,takedown,1
2021-01-22-laravel-shop.md,2021,01,22,laravel-shop.md,takedown,3
2021-01-22-modelo.md,2021,01,22,modelo.md,takedown,31
2021-01-22-testdome.md,2021,01,22,testdome.md,takedown,1
2021-01-25-capital.md,2021,01,25,capital.md,takedown,1
2021-01-25-ecopetrol.md,2021,01,25,ecopetrol.md,takedown,1
2021-01-25-escapetoshape.md,2021,01,25,escapetoshape.md,takedown,2
2021-01-25-fitprime.md,2021,01,25,fitprime.md,takedown,1
2021-01-25-flexiblog.md,2021,01,25,flexiblog.md,takedown,1
2021-01-25-mohara.md,2021,01,25,mohara.md,takedown,1
2021-01-25-qatoolkit.md,2021,01,25,qatoolkit.md,takedown,2
2021-01-25-simonandschuster.md,2021,01,25,simonandschuster.md,takedown,1
2021-01-25-vue-webpack-echart.md,2021,01,25,vue-webpack-echart.md,takedown,1
2021-01-26-bancoofficial.md,2021,01,26,bancoofficial.md,takedown,1
2021-01-26-browseinfo.md,2021,01,26,browseinfo.md,takedown,7
2021-01-26-clearlink.md,2021,01,26,clearlink.md,takedown,10
2021-01-26-ecopetrol.md,2021,01,26,ecopetrol.md,takedown,1
2021-01-26-probuse.md,2021,01,26,probuse.md,takedown,2
2021-01-26-sinopec.md,2021,01,26,sinopec.md,takedown,1
2021-01-26-starcord.md,2021,01,26,starcord.md,takedown,1
2021-01-26-zilculator.md,2021,01,26,zilculator.md,takedown,1
2021-01-27-autorabit.md,2021,01,27,autorabit.md,takedown,1
2021-01-27-galvanize-2.md,2021,01,27,galvanize-2.md,takedown,1
2021-01-27-galvanize.md,2021,01,27,galvanize.md,takedown,14
2021-01-27-open_neyrokod.md,2021,01,27,open_neyrokod.md,takedown,1
2021-01-27-saqueepague.md,2021,01,27,saqueepague.md,takedown,1
2021-01-27-whitebox-2.md,2021,01,27,whitebox-2.md,takedown,1
2021-01-27-whitebox.md,2021,01,27,whitebox.md,takedown,2
2021-01-28-baytonia.md,2021,01,28,baytonia.md,takedown,1
2021-01-28-chef-supplier-ios.md,2021,01,28,chef-supplier-ios.md,takedown,1
2021-01-28-deliveryboy.md,2021,01,28,deliveryboy.md,takedown,1
2021-01-28-moviekotlin.md,2021,01,28,moviekotlin.md,takedown,1
2021-01-28-odoo-website-addons.md,2021,01,28,odoo-website-addons.md,takedown,1
2021-01-28-odoo13.md,2021,01,28,odoo13.md,takedown,1
2021-01-28-pickerappreferencecode.md,2021,01,28,pickerappreferencecode.md,takedown,1
2021-01-28-shanxi-liankang.md,2021,01,28,shanxi-liankang.md,takedown,2
2021-01-28-siganow.md,2021,01,28,siganow.md,takedown,1
2021-01-28-tasaq-android.md,2021,01,28,tasaq-android.md,takedown,1
2021-01-28-vertigoboost-counternotice.md,2021,01,28,vertigoboost-counternotice.md,counternotice,1
2021-01-28-ws-abcdin-transporte.md,2021,01,28,ws-abcdin-transporte.md,takedown,1
2021-01-28-zoominfo.md,2021,01,28,zoominfo.md,takedown,1
2021-01-29-abcdin-app.md,2021,01,29,abcdin-app.md,takedown,1
2021-01-29-feed-abcdin.md,2021,01,29,feed-abcdin.md,takedown,1
2021-01-29-readykit.md,2021,01,29,readykit.md,takedown,1
2021-01-29-vertigo-boosting-panel.md,2021,01,29,vertigo-boosting-panel.md,takedown,6
2021-02-02-goquizbaselined.md,2021,02,02,goquizbaselined.md,takedown,1
2021-02-02-gravit-api.md,2021,02,02,gravit-api.md,takedown,2
2021-02-02-mobworx.md,2021,02,02,mobworx.md,takedown,5
2021-02-02-mpa.md,2021,02,02,mpa.md,takedown,1
2021-02-02-os-projects.md,2021,02,02,os-projects.md,takedown,1
2021-02-03-alinta-pos-fast.md,2021,02,03,alinta-pos-fast.md,takedown,1
2021-02-03-bullhorn.md,2021,02,03,bullhorn.md,takedown,1
2021-02-03-galvanize-2.md,2021,02,03,galvanize-2.md,takedown,19
2021-02-03-galvanize-3.md,2021,02,03,galvanize-3.md,takedown,5
2021-02-03-galvanize-4.md,2021,02,03,galvanize-4.md,takedown,15
2021-02-03-galvanize.md,2021,02,03,galvanize.md,takedown,8
2021-02-03-mashreqbank.md,2021,02,03,mashreqbank.md,takedown,2
2021-02-03-modelo.md,2021,02,03,modelo.md,takedown,3
2021-02-03-mx-media.md,2021,02,03,mx-media.md,takedown,1
2021-02-04-credz.md,2021,02,04,credz.md,takedown,1
2021-02-04-datastax.md,2021,02,04,datastax.md,takedown,1
2021-02-04-medivia.md,2021,02,04,medivia.md,takedown,2
2021-02-04-smbc.md,2021,02,04,smbc.md,takedown,1
2021-02-05-changning.md,2021,02,05,changning.md,takedown,3
2021-02-05-copart.md,2021,02,05,copart.md,takedown,1
2021-02-05-epuch.md,2021,02,05,epuch.md,takedown,4
2021-02-05-octotree.md,2021,02,05,octotree.md,takedown,4
2021-02-05-odoo.md,2021,02,05,odoo.md,takedown,13
2021-02-05-offensivesecurity.md,2021,02,05,offensivesecurity.md,takedown,1
2021-02-05-pavleu.md,2021,02,05,pavleu.md,takedown,1
2021-02-05-themeforest.md,2021,02,05,themeforest.md,takedown,1
2021-02-05-uhc-core.md,2021,02,05,uhc-core.md,takedown,1
2021-02-08-cambridge.md,2021,02,08,cambridge.md,takedown,1
2021-02-08-codility.md,2021,02,08,codility.md,takedown,5
2021-02-08-copart.md,2021,02,08,copart.md,takedown,1
2021-02-08-debookee.md,2021,02,08,debookee.md,takedown,1
2021-02-08-envato.md,2021,02,08,envato.md,takedown,13
2021-02-08-galvanize.md,2021,02,08,galvanize.md,takedown,1
2021-02-08-inspireui.md,2021,02,08,inspireui.md,takedown,20
2021-02-08-log2base2.md,2021,02,08,log2base2.md,takedown,1
2021-02-08-magento.md,2021,02,08,magento.md,takedown,4
2021-02-08-marketplace.md,2021,02,08,marketplace.md,takedown,1
2021-02-08-neo4J.md,2021,02,08,neo4J.md,takedown,1
2021-02-08-smbc.md,2021,02,08,smbc.md,takedown,1
2021-02-08-wipro.md,2021,02,08,wipro.md,takedown,1
2021-02-09-boubyan.md,2021,02,09,boubyan.md,takedown,1
2021-02-09-codility-2.md,2021,02,09,codility-2.md,takedown,2
2021-02-09-codility-3.md,2021,02,09,codility-3.md,takedown,1
2021-02-09-codility.md,2021,02,09,codility.md,takedown,1
2021-02-09-infosys.md,2021,02,09,infosys.md,takedown,1
2021-02-09-jinhuajisheng.md,2021,02,09,jinhuajisheng.md,takedown,1
2021-02-09-no-starch-press.md,2021,02,09,no-starch-press.md,takedown,1
2021-02-09-payment-telr.md,2021,02,09,payment-telr.md,takedown,4
2021-02-09-screen-lock-pos.md,2021,02,09,screen-lock-pos.md,takedown,4
2021-02-09-setapick-labs.md,2021,02,09,setapick-labs.md,takedown,15
2021-02-09-viavarejo.md,2021,02,09,viavarejo.md,takedown,1
2021-02-10-deezer.md,2021,02,10,deezer.md,takedown,9
2021-02-10-girnarsoftware.md,2021,02,10,girnarsoftware.md,takedown,2
2021-02-10-loaf.md,2021,02,10,loaf.md,takedown,14
2021-02-10-wiley.md,2021,02,10,wiley.md,takedown,1
2021-02-11-actiontrails.md,2021,02,11,actiontrails.md,takedown,2
2021-02-11-beijingmiraclecapital.md,2021,02,11,beijingmiraclecapital.md,takedown,1
2021-02-11-changsha.md,2021,02,11,changsha.md,takedown,2
2021-02-11-doudeka.md,2021,02,11,doudeka.md,takedown,10
2021-02-11-educative.md,2021,02,11,educative.md,takedown,1
2021-02-11-nvidia.md,2021,02,11,nvidia.md,takedown,1
2021-02-11-odoo.md,2021,02,11,odoo.md,takedown,18
2021-02-11-packt.md,2021,02,11,packt.md,takedown,50
2021-02-11-searle.md,2021,02,11,searle.md,takedown,1
2021-02-11-sensetime-2.md,2021,02,11,sensetime-2.md,takedown,1
2021-02-11-sensetime-3.md,2021,02,11,sensetime-3.md,takedown,1
2021-02-11-sensetime.md,2021,02,11,sensetime.md,takedown,1
2021-02-11-zanebot.md,2021,02,11,zanebot.md,takedown,3
2021-02-12-codility-2.md,2021,02,12,codility-2.md,takedown,1
2021-02-12-codility.md,2021,02,12,codility.md,takedown,8
2021-02-12-devskiller.md,2021,02,12,devskiller.md,takedown,1
2021-02-12-docsuitepa.md,2021,02,12,docsuitepa.md,takedown,1
2021-02-12-gravit-api.md,2021,02,12,gravit-api.md,takedown,2
2021-02-12-hardwatse.md,2021,02,12,hardwatse.md,takedown,1
2021-02-12-mlfinlab.md,2021,02,12,mlfinlab.md,takedown,2
2021-02-12-more-mountains.md,2021,02,12,more-mountains.md,takedown,29
2021-02-12-papajohns.md,2021,02,12,papajohns.md,takedown,1
2021-02-12-product-version-counternotice-reversal.md,2021,02,12,product-version-counternotice-reversal.md,counternotice-reversal,1
2021-02-12-sensetime-2.md,2021,02,12,sensetime-2.md,takedown,3
2021-02-12-sensetime-3.md,2021,02,12,sensetime-3.md,takedown,1
2021-02-12-sensetime.md,2021,02,12,sensetime.md,takedown,6
2021-02-12-webkul.md,2021,02,12,webkul.md,takedown,1
2021-02-16-appy-health.md,2021,02,16,appy-health.md,takedown,1
2021-02-16-awesome-mapper.md,2021,02,16,awesome-mapper.md,takedown,1
2021-02-16-codility-2.md,2021,02,16,codility-2.md,takedown,2
2021-02-16-codility.md,2021,02,16,codility.md,takedown,1
2021-02-16-credmarket.md,2021,02,16,credmarket.md,takedown,1
2021-02-16-fisglobal.md,2021,02,16,fisglobal.md,takedown,1
2021-02-16-gerdau.md,2021,02,16,gerdau.md,takedown,1
2021-02-16-qualcomm.md,2021,02,16,qualcomm.md,takedown,11
2021-02-16-simplyioa.md,2021,02,16,simplyioa.md,takedown,1
2021-02-16-webkul.md,2021,02,16,webkul.md,takedown,1
2021-02-17-bigsur.md,2021,02,17,bigsur.md,takedown,1
2021-02-17-ezoptimizer.md,2021,02,17,ezoptimizer.md,takedown,1
2021-02-17-fluxstore.md,2021,02,17,fluxstore.md,takedown,19
2021-02-17-phishlabs-hulu-2.md,2021,02,17,phishlabs-hulu-2.md,takedown,1
2021-02-17-phishlabs-hulu.md,2021,02,17,phishlabs-hulu.md,takedown,1
2021-02-17-source-code.md,2021,02,17,source-code.md,takedown,1
2021-02-17-suez.md,2021,02,17,suez.md,takedown,1
2021-02-17-zeltux.md,2021,02,17,zeltux.md,takedown,2
2021-02-18-amroc-vtf.md,2021,02,18,amroc-vtf.md,takedown,3
2021-02-18-aspose-2.md,2021,02,18,aspose-2.md,takedown,1
2021-02-18-aspose-3.md,2021,02,18,aspose-3.md,takedown,1
2021-02-18-aspose.md,2021,02,18,aspose.md,takedown,1
2021-02-18-codility.md,2021,02,18,codility.md,takedown,1
2021-02-18-cs61b-ucb.md,2021,02,18,cs61b-ucb.md,takedown,5
2021-02-18-northwoods-npm-2.md,2021,02,18,northwoods-npm-2.md,takedown,1
2021-02-18-northwoods-npm.md,2021,02,18,northwoods-npm.md,takedown,1
2021-02-18-testdome.md,2021,02,18,testdome.md,takedown,4
2021-02-19-sqlpractice.md,2021,02,19,sqlpractice.md,takedown,2
2021-02-19-take-two.md,2021,02,19,take-two.md,takedown,228
2021-02-22-cs61b-ucb.md,2021,02,22,cs61b-ucb.md,takedown,27
2021-02-22-devskiller.md,2021,02,22,devskiller.md,takedown,1
2021-02-23-amazon.md,2021,02,23,amazon.md,takedown,1
2021-02-23-codility.md,2021,02,23,codility.md,takedown,1
2021-02-23-devskiller.md,2021,02,23,devskiller.md,takedown,1
2021-02-23-digiturk.md,2021,02,23,digiturk.md,takedown,5
2021-02-23-gerdau.md,2021,02,23,gerdau.md,takedown,1
2021-02-23-hcsc.md,2021,02,23,hcsc.md,takedown,1
2021-02-23-nagra-2.md,2021,02,23,nagra-2.md,takedown,1
2021-02-23-nagra-3.md,2021,02,23,nagra-3.md,takedown,1
2021-02-23-nagra-4.md,2021,02,23,nagra-4.md,takedown,1
2021-02-23-nagra-5.md,2021,02,23,nagra-5.md,takedown,1
2021-02-23-nagra.md,2021,02,23,nagra.md,takedown,1
2021-02-23-otpsimple-pay.md,2021,02,23,otpsimple-pay.md,takedown,1
2021-02-23-siam-books.md,2021,02,23,siam-books.md,takedown,1
2021-02-23-triplebyte.md,2021,02,23,triplebyte.md,takedown,9
2021-02-24-cisco.md,2021,02,24,cisco.md,takedown,1
2021-02-24-codility.md,2021,02,24,codility.md,takedown,1
2021-02-24-holy-bard.md,2021,02,24,holy-bard.md,takedown,36
2021-02-24-instagram.md,2021,02,24,instagram.md,takedown,2
2021-02-24-supercell.md,2021,02,24,supercell.md,takedown,1
2021-02-25-cellebrite.md,2021,02,25,cellebrite.md,takedown,1
2021-02-25-chineseocr.md,2021,02,25,chineseocr.md,takedown,6
2021-02-25-curvapp.md,2021,02,25,curvapp.md,takedown,1
2021-02-25-geeksforgeeks.md,2021,02,25,geeksforgeeks.md,takedown,1
2021-02-25-pacific-life-insurance-2.md,2021,02,25,pacific-life-insurance-2.md,takedown,1
2021-02-25-pacific-life-insurance-3.md,2021,02,25,pacific-life-insurance-3.md,takedown,1
2021-02-25-pacific-life-insurance.md,2021,02,25,pacific-life-insurance.md,takedown,1
2021-02-25-pikashow.md,2021,02,25,pikashow.md,takedown,1
2021-02-25-recuiel.md,2021,02,25,recuiel.md,takedown,2
2021-02-25-skyitalia.md,2021,02,25,skyitalia.md,takedown,1
2021-02-26-NTT.md,2021,02,26,NTT.md,takedown,1
2021-02-26-anticosmetics.md,2021,02,26,anticosmetics.md,takedown,1
2021-02-26-itemrestrictions.md,2021,02,26,itemrestrictions.md,takedown,1
2021-02-26-mountainproject.md,2021,02,26,mountainproject.md,takedown,3
2021-02-26-nagra-2.md,2021,02,26,nagra-2.md,takedown,1
2021-02-26-nagra-3.md,2021,02,26,nagra-3.md,takedown,1
2021-02-26-nagra-4.md,2021,02,26,nagra-4.md,takedown,1
2021-02-26-nagra.md,2021,02,26,nagra.md,takedown,1
2021-02-26-scfventures.md,2021,02,26,scfventures.md,takedown,1
2021-02-26-shortny.md,2021,02,26,shortny.md,takedown,1
2021-02-26-sourcecode.md,2021,02,26,sourcecode.md,takedown,4
2021-02-26-testdome.md,2021,02,26,testdome.md,takedown,3
2021-02-26-therms.md,2021,02,26,therms.md,takedown,1
2021-02-26-viacom18.md,2021,02,26,viacom18.md,takedown,1
2021-02-26-wiley.md,2021,02,26,wiley.md,takedown,4
2021-03-01-jetbrains.md,2021,03,01,jetbrains.md,takedown,175
2021-03-01-matteroom.md,2021,03,01,matteroom.md,takedown,1
2021-03-01-nagra.md,2021,03,01,nagra.md,takedown,1
2021-03-01-nctu-compiler-course.md,2021,03,01,nctu-compiler-course.md,takedown,1
2021-03-01-oxford-university-press.md,2021,03,01,oxford-university-press.md,takedown,1
2021-03-01-tmssoftware.md,2021,03,01,tmssoftware.md,takedown,1
2021-03-01-wiley.md,2021,03,01,wiley.md,takedown,1
2021-03-01-wipro.md,2021,03,01,wipro.md,takedown,1
2021-03-02-avifio.md,2021,03,02,avifio.md,takedown,1
2021-03-02-bcbs.md,2021,03,02,bcbs.md,takedown,9
2021-03-02-cj-marketing.md,2021,03,02,cj-marketing.md,takedown,2
2021-03-02-friday-userbot.md,2021,03,02,friday-userbot.md,takedown,2
2021-03-02-galvanize.md,2021,03,02,galvanize.md,takedown,1
2021-03-02-geeksforgeeks.md,2021,03,02,geeksforgeeks.md,takedown,88
2021-03-02-gerdau.md,2021,03,02,gerdau.md,takedown,1
2021-03-02-holy-bard.md,2021,03,02,holy-bard.md,takedown,1
2021-03-02-meetenhancement.md,2021,03,02,meetenhancement.md,takedown,1
2021-03-02-onetrust.md,2021,03,02,onetrust.md,takedown,1
2021-03-02-packt-2.md,2021,03,02,packt-2.md,takedown,55
2021-03-02-packt.md,2021,03,02,packt.md,takedown,112
2021-03-02-softhealer.md,2021,03,02,softhealer.md,takedown,4
2021-03-02-sportunity.md,2021,03,02,sportunity.md,takedown,13
2021-03-02-tech-mahindra.md,2021,03,02,tech-mahindra.md,takedown,1
2021-03-02-timcellular.md,2021,03,02,timcellular.md,takedown,1
2021-03-02-yunmel.md,2021,03,02,yunmel.md,takedown,3
2021-03-03-bestbuy.md,2021,03,03,bestbuy.md,takedown,1
2021-03-03-doudeka.md,2021,03,03,doudeka.md,takedown,8
2021-03-03-geeksforgeeks.md,2021,03,03,geeksforgeeks.md,takedown,1
2021-03-03-kohls.md,2021,03,03,kohls.md,takedown,1
2021-03-03-logo.md,2021,03,03,logo.md,takedown,1
2021-03-03-medi2data.md,2021,03,03,medi2data.md,takedown,1
2021-03-03-mie1624.md,2021,03,03,mie1624.md,takedown,1
2021-03-03-neyrokod.md,2021,03,03,neyrokod.md,takedown,1
2021-03-03-sngine.md,2021,03,03,sngine.md,takedown,1
2021-03-03-xb-software-npm.md,2021,03,03,xb-software-npm.md,takedown,1
2021-03-04-curvy-splines.md,2021,03,04,curvy-splines.md,takedown,1
2021-03-04-dassolutions.md,2021,03,04,dassolutions.md,takedown,1
2021-03-04-gridspace.md,2021,03,04,gridspace.md,takedown,1
2021-03-04-inspireui.md,2021,03,04,inspireui.md,takedown,11
2021-03-04-maskphish.md,2021,03,04,maskphish.md,takedown,2
2021-03-04-mmd4mecanim-2.md,2021,03,04,mmd4mecanim-2.md,takedown,1
2021-03-04-mmd4mecanim.md,2021,03,04,mmd4mecanim.md,takedown,1
2021-03-04-sensetime.md,2021,03,04,sensetime.md,takedown,1
2021-03-04-tombstone.md,2021,03,04,tombstone.md,takedown,1
2021-03-04-uhc-core-counternotice.md,2021,03,04,uhc-core-counternotice.md,counternotice,1
2021-03-04-wildfirechat.md,2021,03,04,wildfirechat.md,takedown,3
2021-03-05-adidas-runtastic.md,2021,03,05,adidas-runtastic.md,takedown,1
2021-03-05-amazon.md,2021,03,05,amazon.md,takedown,1
2021-03-05-discord-authorization-helper.md,2021,03,05,discord-authorization-helper.md,takedown,2
2021-03-05-gatsby-blog-template.md,2021,03,05,gatsby-blog-template.md,takedown,1
2021-03-05-hoefler.md,2021,03,05,hoefler.md,takedown,65
2021-03-05-invision-power-services.md,2021,03,05,invision-power-services.md,takedown,2
2021-03-05-laravel-2.md,2021,03,05,laravel-2.md,takedown,2
2021-03-05-laravel.md,2021,03,05,laravel.md,takedown,1
2021-03-05-oreilly.md,2021,03,05,oreilly.md,takedown,17
2021-03-05-sensetime-2.md,2021,03,05,sensetime-2.md,takedown,4
2021-03-05-sensetime-3.md,2021,03,05,sensetime-3.md,takedown,2
2021-03-05-sensetime.md,2021,03,05,sensetime.md,takedown,6
2021-03-05-sourcecode.md,2021,03,05,sourcecode.md,takedown,1
2021-03-05-tech-mahindra-2.md,2021,03,05,tech-mahindra-2.md,takedown,1
2021-03-05-tech-mahindra-3.md,2021,03,05,tech-mahindra-3.md,takedown,1
2021-03-05-tech-mahindra.md,2021,03,05,tech-mahindra.md,takedown,1
2021-03-08-ntt-data-getronics-2.md,2021,03,08,ntt-data-getronics-2.md,takedown,14
2021-03-08-ntt-data-getronics.md,2021,03,08,ntt-data-getronics.md,takedown,190
2021-03-08-webkul.md,2021,03,08,webkul.md,takedown,4
2021-03-09-8i.md,2021,03,09,8i.md,takedown,2
2021-03-09-amazon.md,2021,03,09,amazon.md,takedown,1
2021-03-09-centauro.md,2021,03,09,centauro.md,takedown,1
2021-03-10-cortex.md,2021,03,10,cortex.md,takedown,3
2021-03-10-cyberghost.md,2021,03,10,cyberghost.md,takedown,1
2021-03-10-openconf.md,2021,03,10,openconf.md,takedown,1
2021-03-10-procedural-worlds.md,2021,03,10,procedural-worlds.md,takedown,8
2021-03-10-tech-mahindra.md,2021,03,10,tech-mahindra.md,takedown,1
2021-03-10-umd.md,2021,03,10,umd.md,takedown,1
2021-03-11-fhadmin.md,2021,03,11,fhadmin.md,takedown,4
2021-03-11-forward-tag-remover-bot.md,2021,03,11,forward-tag-remover-bot.md,takedown,16
2021-03-11-fuzzy-slic.md,2021,03,11,fuzzy-slic.md,takedown,1
2021-03-11-geeksforgeeks.md,2021,03,11,geeksforgeeks.md,takedown,1
2021-03-11-laravel.md,2021,03,11,laravel.md,takedown,1
2021-03-11-qualcomm-retraction.md,2021,03,11,qualcomm-retraction.md,retraction,1
2021-03-11-stereoarts.md,2021,03,11,stereoarts.md,takedown,1
2021-03-11-tech-mahindra-counternotice.md,2021,03,11,tech-mahindra-counternotice.md,counternotice,1
2021-03-12-devskiller.md,2021,03,12,devskiller.md,takedown,32
2021-03-12-flexiblog.md,2021,03,12,flexiblog.md,takedown,1
2021-03-12-freelancediary.md,2021,03,12,freelancediary.md,takedown,1
2021-03-12-jetbrains.md,2021,03,12,jetbrains.md,takedown,17
2021-03-12-magallanes.md,2021,03,12,magallanes.md,takedown,10
2021-03-12-packt-2.md,2021,03,12,packt-2.md,takedown,152
2021-03-12-packt-3.md,2021,03,12,packt-3.md,takedown,341
2021-03-12-packt.md,2021,03,12,packt.md,takedown,108
2021-03-12-rigrepo.md,2021,03,12,rigrepo.md,takedown,7
2021-03-12-sourcecode.md,2021,03,12,sourcecode.md,takedown,7
2021-03-12-theme_louma.md,2021,03,12,theme_louma.md,takedown,9
2021-03-12-webkul.md,2021,03,12,webkul.md,takedown,3
2021-03-16-altoholic.md,2021,03,16,altoholic.md,takedown,17
2021-03-16-bizople.md,2021,03,16,bizople.md,takedown,1
2021-03-16-damegender.md,2021,03,16,damegender.md,takedown,1
2021-03-16-mediacheck.md,2021,03,16,mediacheck.md,takedown,38
2021-03-16-mpa.md,2021,03,16,mpa.md,takedown,1
2021-03-16-qualcomm.md,2021,03,16,qualcomm.md,takedown,2
2021-03-17-adp-2.md,2021,03,17,adp-2.md,takedown,1
2021-03-17-adp-3.md,2021,03,17,adp-3.md,takedown,2
2021-03-17-adp-4.md,2021,03,17,adp-4.md,takedown,1
2021-03-17-adp-5.md,2021,03,17,adp-5.md,takedown,1
2021-03-17-adp.md,2021,03,17,adp.md,takedown,1
2021-03-17-blayze.md,2021,03,17,blayze.md,takedown,1
2021-03-17-egb242-qut.md,2021,03,17,egb242-qut.md,takedown,2
2021-03-17-mcgraw-hill.md,2021,03,17,mcgraw-hill.md,takedown,1
2021-03-17-microsoft.md,2021,03,17,microsoft.md,takedown,2
2021-03-17-nagravision.md,2021,03,17,nagravision.md,takedown,1
2021-03-17-serasa-experian.md,2021,03,17,serasa-experian.md,takedown,1
2021-03-17-vivemocapkit.md,2021,03,17,vivemocapkit.md,takedown,1
2021-03-18-adp-2.md,2021,03,18,adp-2.md,takedown,4
2021-03-18-adp-3.md,2021,03,18,adp-3.md,takedown,3
2021-03-18-adp.md,2021,03,18,adp.md,takedown,1
2021-03-18-alps.md,2021,03,18,alps.md,takedown,1
2021-03-18-cpanel.md,2021,03,18,cpanel.md,takedown,2
2021-03-18-dayzsa.md,2021,03,18,dayzsa.md,takedown,1
2021-03-18-frostchanger.md,2021,03,18,frostchanger.md,takedown,1
2021-03-18-geeksforgeeks-2.md,2021,03,18,geeksforgeeks-2.md,takedown,1
2021-03-18-geeksforgeeks.md,2021,03,18,geeksforgeeks.md,takedown,39
2021-03-18-italtel-brasil.md,2021,03,18,italtel-brasil.md,takedown,1
2021-03-18-magento2.md,2021,03,18,magento2.md,takedown,1
2021-03-18-mangadex.md,2021,03,18,mangadex.md,takedown,4
2021-03-18-odoo-apps.md,2021,03,18,odoo-apps.md,takedown,2
2021-03-18-rakbank.md,2021,03,18,rakbank.md,takedown,1
2021-03-18-sharevault.md,2021,03,18,sharevault.md,takedown,5
2021-03-18-shuguanggroup.md,2021,03,18,shuguanggroup.md,takedown,12
2021-03-18-tech-mahindra.md,2021,03,18,tech-mahindra.md,takedown,6
2021-03-18-towertagworkspace.md,2021,03,18,towertagworkspace.md,takedown,1
2021-03-18-udesk.md,2021,03,18,udesk.md,takedown,1
2021-03-19-apple.md,2021,03,19,apple.md,takedown,1
2021-03-19-ascii.md,2021,03,19,ascii.md,takedown,1
2021-03-19-dlibfacelandmarkdetector.md,2021,03,19,dlibfacelandmarkdetector.md,takedown,1
2021-03-19-geeksforgeeks-2.md,2021,03,19,geeksforgeeks-2.md,takedown,33
2021-03-19-geeksforgeeks-3.md,2021,03,19,geeksforgeeks-3.md,takedown,1
2021-03-19-geeksforgeeks.md,2021,03,19,geeksforgeeks.md,takedown,13
2021-03-19-manning.md,2021,03,19,manning.md,takedown,1
2021-03-19-natura.md,2021,03,19,natura.md,takedown,1
2021-03-19-ntt-data-getronics.md,2021,03,19,ntt-data-getronics.md,takedown,1
2021-03-19-opencvforunity.md,2021,03,19,opencvforunity.md,takedown,7
2021-03-19-tech-mahindra.md,2021,03,19,tech-mahindra.md,takedown,1
2021-03-19-vrchat.md,2021,03,19,vrchat.md,takedown,1
2021-03-22-adp-2.md,2021,03,22,adp-2.md,takedown,2
2021-03-22-adp-3.md,2021,03,22,adp-3.md,takedown,3
2021-03-22-adp.md,2021,03,22,adp.md,takedown,1
2021-03-22-bizople.md,2021,03,22,bizople.md,takedown,1
2021-03-22-china-construction-bank.md,2021,03,22,china-construction-bank.md,takedown,1
2021-03-22-compsci186-umass.md,2021,03,22,compsci186-umass.md,takedown,7
2021-03-22-freedesktop.md,2021,03,22,freedesktop.md,takedown,8
2021-03-22-mizule.md,2021,03,22,mizule.md,takedown,1
2021-03-22-oreilly.md,2021,03,22,oreilly.md,takedown,30
2021-03-22-parrotmod-retraction.md,2021,03,22,parrotmod-retraction.md,retraction,1
2021-03-22-payment-ipay88.md,2021,03,22,payment-ipay88.md,takedown,1
2021-03-22-siam-books-2.md,2021,03,22,siam-books-2.md,takedown,1
2021-03-22-siam-books.md,2021,03,22,siam-books.md,takedown,1
2021-03-22-tech-mahindra.md,2021,03,22,tech-mahindra.md,takedown,1
2021-03-22-ultroid.md,2021,03,22,ultroid.md,takedown,4
2021-03-23-cfmmc.md,2021,03,23,cfmmc.md,takedown,1
2021-03-23-digiturk.md,2021,03,23,digiturk.md,takedown,7
2021-03-23-hackreactor.md,2021,03,23,hackreactor.md,takedown,2
2021-03-23-imgwelcome.md,2021,03,23,imgwelcome.md,takedown,2
2021-03-23-mmd4mecanim.md,2021,03,23,mmd4mecanim.md,takedown,1
2021-03-23-oreilly.md,2021,03,23,oreilly.md,takedown,17
2021-03-23-rythmbot.md,2021,03,23,rythmbot.md,takedown,8
2021-03-24-dhc.md,2021,03,24,dhc.md,takedown,58
2021-03-24-impulse.md,2021,03,24,impulse.md,takedown,3
2021-03-24-odoo.md,2021,03,24,odoo.md,takedown,13
2021-03-24-thehindu.md,2021,03,24,thehindu.md,takedown,1
2021-03-25-devtalents.md,2021,03,25,devtalents.md,takedown,2
2021-03-25-gerdau.md,2021,03,25,gerdau.md,takedown,1
2021-03-25-h2cdevelopment.md,2021,03,25,h2cdevelopment.md,takedown,3
2021-03-25-laravel.md,2021,03,25,laravel.md,takedown,2
2021-03-25-leetcode.md,2021,03,25,leetcode.md,takedown,1
2021-03-25-magento2.md,2021,03,25,magento2.md,takedown,1
2021-03-25-parim.md,2021,03,25,parim.md,takedown,1
2021-03-25-rakbank.md,2021,03,25,rakbank.md,takedown,1
2021-03-25-semantix.md,2021,03,25,semantix.md,takedown,1
2021-03-25-singuliinc.md,2021,03,25,singuliinc.md,takedown,2
2021-03-25-wiley.md,2021,03,25,wiley.md,takedown,1
2021-03-25-xcl.md,2021,03,25,xcl.md,takedown,1
2021-03-26-banco-digio.md,2021,03,26,banco-digio.md,takedown,2
2021-03-26-inscope.md,2021,03,26,inscope.md,takedown,1
2021-03-26-inspireui.md,2021,03,26,inspireui.md,takedown,10
2021-03-26-pearos.md,2021,03,26,pearos.md,takedown,2
2021-03-26-rakbank.md,2021,03,26,rakbank.md,takedown,1
2021-03-26-reactor-essentials.md,2021,03,26,reactor-essentials.md,takedown,2
2021-03-26-sky-italia.md,2021,03,26,sky-italia.md,takedown,1
2021-03-29-blackberry.md,2021,03,29,blackberry.md,takedown,1
2021-03-29-cdk-global.md,2021,03,29,cdk-global.md,takedown,10
2021-03-29-citiesharmony.md,2021,03,29,citiesharmony.md,takedown,2
2021-03-29-cs4780-cornell.md,2021,03,29,cs4780-cornell.md,takedown,3
2021-03-29-disney.md,2021,03,29,disney.md,takedown,2
2021-03-29-mail-dll.md,2021,03,29,mail-dll.md,takedown,1
2021-03-29-mcgraw-hill.md,2021,03,29,mcgraw-hill.md,takedown,3
2021-03-29-minecraftforceop.md,2021,03,29,minecraftforceop.md,takedown,1
2021-03-29-my-summer-car.md,2021,03,29,my-summer-car.md,takedown,1
2021-03-29-packt-2.md,2021,03,29,packt-2.md,takedown,1
2021-03-29-packt.md,2021,03,29,packt.md,takedown,30
2021-03-29-pc-builder-job.md,2021,03,29,pc-builder-job.md,takedown,1
2021-03-29-projects.md,2021,03,29,projects.md,takedown,16
2021-03-29-tianjinshenzhouhaotian.md,2021,03,29,tianjinshenzhouhaotian.md,takedown,1
2021-03-29-uuid.md,2021,03,29,uuid.md,takedown,1
2021-03-29-zenith-bank.md,2021,03,29,zenith-bank.md,takedown,1
2021-03-30-avalanche.md,2021,03,30,avalanche.md,takedown,1
2021-03-30-beijinggeshengtechnology.md,2021,03,30,beijinggeshengtechnology.md,takedown,1
2021-03-30-hypervoter.md,2021,03,30,hypervoter.md,takedown,3
2021-03-30-packt.md,2021,03,30,packt.md,takedown,30
2021-03-30-picpay.md,2021,03,30,picpay.md,takedown,1
2021-03-30-rusher.md,2021,03,30,rusher.md,takedown,2
2021-03-30-sourcecode.md,2021,03,30,sourcecode.md,takedown,2
2021-03-30-warner-bros.md,2021,03,30,warner-bros.md,takedown,1
2021-03-31-beijing-huazheng-tomorrow-information.md,2021,03,31,beijing-huazheng-tomorrow-information.md,takedown,1
2021-03-31-dyno.md,2021,03,31,dyno.md,takedown,34
2021-03-31-laravel.md,2021,03,31,laravel.md,takedown,1
2021-03-31-nagravision.md,2021,03,31,nagravision.md,takedown,1
2021-03-31-playback.md,2021,03,31,playback.md,takedown,1
2021-03-31-reactor-essentials-retraction.md,2021,03,31,reactor-essentials-retraction.md,retraction,1
2021-03-31-star-india-pvt.md,2021,03,31,star-india-pvt.md,takedown,1
2021-03-31-the-data-incubator-2.md,2021,03,31,the-data-incubator-2.md,takedown,1
2021-03-31-the-data-incubator-3.md,2021,03,31,the-data-incubator-3.md,takedown,1
2021-03-31-the-data-incubator.md,2021,03,31,the-data-incubator.md,takedown,1
2021-03-31-thinkcell-interview-coding-assignment.md,2021,03,31,thinkcell-interview-coding-assignment.md,takedown,3
2021-04-01-amazon.md,2021,04,01,amazon.md,takedown,1
2021-04-01-avalanchedevelopment.md,2021,04,01,avalanchedevelopment.md,takedown,2
2021-04-01-dhcsoftware.md,2021,04,01,dhcsoftware.md,takedown,2
2021-04-01-flussonic.md,2021,04,01,flussonic.md,takedown,1
2021-04-01-nagravision.md,2021,04,01,nagravision.md,takedown,1
2021-04-01-ogwsb.md,2021,04,01,ogwsb.md,takedown,1
2021-04-01-the-data-incubator-2.md,2021,04,01,the-data-incubator-2.md,takedown,1
2021-04-01-the-data-incubator-3.md,2021,04,01,the-data-incubator-3.md,takedown,1
2021-04-01-the-data-incubator-4.md,2021,04,01,the-data-incubator-4.md,takedown,1
2021-04-01-the-data-incubator-5.md,2021,04,01,the-data-incubator-5.md,takedown,1
2021-04-01-the-data-incubator-6.md,2021,04,01,the-data-incubator-6.md,takedown,1
2021-04-01-the-data-incubator.md,2021,04,01,the-data-incubator.md,takedown,1
2021-04-02-etisalat.md,2021,04,02,etisalat.md,takedown,1
2021-04-02-mmd4mecanim.md,2021,04,02,mmd4mecanim.md,takedown,1
2021-04-02-pragmatapro.md,2021,04,02,pragmatapro.md,takedown,3
2021-04-02-tech-mahindra.md,2021,04,02,tech-mahindra.md,takedown,1
2021-04-02-the-data-incubator.md,2021,04,02,the-data-incubator.md,takedown,1
2021-04-02-wipro.md,2021,04,02,wipro.md,takedown,1
2021-04-05-flussonic-2.md,2021,04,05,flussonic-2.md,takedown,1
2021-04-05-flussonic.md,2021,04,05,flussonic.md,takedown,1
2021-04-05-flutter-radio.md,2021,04,05,flutter-radio.md,takedown,2
2021-04-05-kiongroup.md,2021,04,05,kiongroup.md,takedown,1
2021-04-05-mcgraw-hill.md,2021,04,05,mcgraw-hill.md,takedown,1
2021-04-05-nagravision.md,2021,04,05,nagravision.md,takedown,1
2021-04-05-rusherhack.md,2021,04,05,rusherhack.md,takedown,5
2021-04-05-sourcecode.md,2021,04,05,sourcecode.md,takedown,2
2021-04-05-the-data-incubator-2.md,2021,04,05,the-data-incubator-2.md,takedown,1
2021-04-05-the-data-incubator.md,2021,04,05,the-data-incubator.md,takedown,1
2021-04-06-aikucun.md,2021,04,06,aikucun.md,takedown,1
2021-04-06-apple.md,2021,04,06,apple.md,takedown,4
2021-04-06-codingame.md,2021,04,06,codingame.md,takedown,3
2021-04-06-dbs-bank.md,2021,04,06,dbs-bank.md,takedown,1
2021-04-06-emmVRC.md,2021,04,06,emmVRC.md,takedown,1
2021-04-06-laravel.md,2021,04,06,laravel.md,takedown,1
2021-04-06-sensetime-2.md,2021,04,06,sensetime-2.md,takedown,37
2021-04-06-sensetime.md,2021,04,06,sensetime.md,takedown,46
2021-04-06-siriusxm.md,2021,04,06,siriusxm.md,takedown,1
2021-04-06-the-data-incubator-10.md,2021,04,06,the-data-incubator-10.md,takedown,1
2021-04-06-the-data-incubator-2.md,2021,04,06,the-data-incubator-2.md,takedown,1
2021-04-06-the-data-incubator-3.md,2021,04,06,the-data-incubator-3.md,takedown,1
2021-04-06-the-data-incubator-4.md,2021,04,06,the-data-incubator-4.md,takedown,1
2021-04-06-the-data-incubator-5.md,2021,04,06,the-data-incubator-5.md,takedown,1
2021-04-06-the-data-incubator-6.md,2021,04,06,the-data-incubator-6.md,takedown,1
2021-04-06-the-data-incubator-7.md,2021,04,06,the-data-incubator-7.md,takedown,1
2021-04-06-the-data-incubator-8.md,2021,04,06,the-data-incubator-8.md,takedown,1
2021-04-06-the-data-incubator-9.md,2021,04,06,the-data-incubator-9.md,takedown,1
2021-04-06-the-data-incubator.md,2021,04,06,the-data-incubator.md,takedown,1
2021-04-07-ioncube.md,2021,04,07,ioncube.md,takedown,2
2021-04-07-mod.md,2021,04,07,mod.md,takedown,1
2021-04-07-qualcomm.md,2021,04,07,qualcomm.md,takedown,1
2021-04-07-the-data-incubator.md,2021,04,07,the-data-incubator.md,takedown,9
2021-04-07-unionpaysmart.md,2021,04,07,unionpaysmart.md,takedown,1
2021-04-07-zoominfo.md,2021,04,07,zoominfo.md,takedown,1
2021-04-08-altoholic-counternotice.md,2021,04,08,altoholic-counternotice.md,counternotice,16
2021-04-08-cnksi.md,2021,04,08,cnksi.md,takedown,2
2021-04-08-cpanel.md,2021,04,08,cpanel.md,takedown,224
2021-04-08-gatech.md,2021,04,08,gatech.md,takedown,1
2021-04-08-manning.md,2021,04,08,manning.md,takedown,1
2021-04-08-odoo-2.md,2021,04,08,odoo-2.md,takedown,2
2021-04-08-odoo.md,2021,04,08,odoo.md,takedown,2
2021-04-08-projects-counternotice.md,2021,04,08,projects-counternotice.md,counternotice,9
2021-04-08-semantix.md,2021,04,08,semantix.md,takedown,1
2021-04-08-sourcecode.md,2021,04,08,sourcecode.md,takedown,2
2021-04-08-sportunity-counternotice.md,2021,04,08,sportunity-counternotice.md,counternotice,2
2021-04-08-take-two-counternotice.md,2021,04,08,take-two-counternotice.md,counternotice,1
2021-04-08-wiley.md,2021,04,08,wiley.md,takedown,1
2021-04-09-anzu.md,2021,04,09,anzu.md,takedown,1
2021-04-09-beijing-hongjing-tech.md,2021,04,09,beijing-hongjing-tech.md,takedown,5
2021-04-09-covidliste.md,2021,04,09,covidliste.md,takedown,2
2021-04-09-microsoft.md,2021,04,09,microsoft.md,takedown,123
2021-04-09-odoo-2.md,2021,04,09,odoo-2.md,takedown,1
2021-04-09-odoo-3.md,2021,04,09,odoo-3.md,takedown,1
2021-04-09-odoo-4.md,2021,04,09,odoo-4.md,takedown,1
2021-04-09-odoo-5.md,2021,04,09,odoo-5.md,takedown,1
2021-04-09-odoo.md,2021,04,09,odoo.md,takedown,1
2021-04-09-sourcecode.md,2021,04,09,sourcecode.md,takedown,1
2021-04-09-the-data-incubator-2.md,2021,04,09,the-data-incubator-2.md,takedown,1
2021-04-09-the-data-incubator-3.md,2021,04,09,the-data-incubator-3.md,takedown,1
2021-04-09-the-data-incubator-4.md,2021,04,09,the-data-incubator-4.md,takedown,1
2021-04-09-the-data-incubator-5.md,2021,04,09,the-data-incubator-5.md,takedown,1
2021-04-09-the-data-incubator-6.md,2021,04,09,the-data-incubator-6.md,takedown,1
2021-04-09-the-data-incubator-7.md,2021,04,09,the-data-incubator-7.md,takedown,1
2021-04-09-the-data-incubator-8.md,2021,04,09,the-data-incubator-8.md,takedown,1
2021-04-09-the-data-incubator.md,2021,04,09,the-data-incubator.md,takedown,1
2021-04-09-tokopedia.md,2021,04,09,tokopedia.md,takedown,2
2021-04-12-flexi-blog.md,2021,04,12,flexi-blog.md,takedown,1
2021-04-12-mechanic.md,2021,04,12,mechanic.md,takedown,2
2021-04-12-rblbank.md,2021,04,12,rblbank.md,takedown,1
2021-04-12-sensetime.md,2021,04,12,sensetime.md,takedown,1
2021-04-12-the-data-incubator.md,2021,04,12,the-data-incubator.md,takedown,17
2021-04-13-RIAA-counternotice.md,2021,04,13,RIAA-counternotice.md,counternotice,1
2021-04-13-custom-c-compiler.md,2021,04,13,custom-c-compiler.md,takedown,1
2021-04-13-laravel.md,2021,04,13,laravel.md,takedown,8
2021-04-13-mikrotik-exporter.md,2021,04,13,mikrotik-exporter.md,takedown,2
2021-04-13-quantumcore.md,2021,04,13,quantumcore.md,takedown,3
2021-04-13-seuic.md,2021,04,13,seuic.md,takedown,4
2021-04-13-social-distance-detection.md,2021,04,13,social-distance-detection.md,takedown,1
2021-04-13-sourcecode.md,2021,04,13,sourcecode.md,takedown,1
2021-04-13-start-ru.md,2021,04,13,start-ru.md,takedown,1
2021-04-13-zareklamy.md,2021,04,13,zareklamy.md,takedown,1
2021-04-14-58-group-2.md,2021,04,14,58-group-2.md,takedown,4
2021-04-14-58-group.md,2021,04,14,58-group.md,takedown,1
2021-04-14-apconsulting.md,2021,04,14,apconsulting.md,takedown,1
2021-04-14-artwork.md,2021,04,14,artwork.md,takedown,1
2021-04-14-botai.md,2021,04,14,botai.md,takedown,1
2021-04-14-droggol.md,2021,04,14,droggol.md,takedown,1
2021-04-14-galvanize-hack-reactor.md,2021,04,14,galvanize-hack-reactor.md,takedown,26
2021-04-14-inspireui.md,2021,04,14,inspireui.md,takedown,10
2021-04-14-kon-boot.md,2021,04,14,kon-boot.md,takedown,1
2021-04-14-mmd4mecanim.md,2021,04,14,mmd4mecanim.md,takedown,1
2021-04-14-odoo.md,2021,04,14,odoo.md,takedown,3
2021-04-14-og-wsb-bot.md,2021,04,14,og-wsb-bot.md,takedown,1
2021-04-14-php-mods.md,2021,04,14,php-mods.md,takedown,4
2021-04-14-sourcecode.md,2021,04,14,sourcecode.md,takedown,1
2021-04-14-tech-mahindra.md,2021,04,14,tech-mahindra.md,takedown,1
2021-04-14-wannatalk.md,2021,04,14,wannatalk.md,takedown,1
2021-04-15-bizople.md,2021,04,15,bizople.md,takedown,2
2021-04-15-laravel.md,2021,04,15,laravel.md,takedown,1
2021-04-15-manning.md,2021,04,15,manning.md,takedown,1
2021-04-15-nomachine.md,2021,04,15,nomachine.md,takedown,2
2021-04-16-bcci.md,2021,04,16,bcci.md,takedown,1
2021-04-16-edys-vehicle-physics.md,2021,04,16,edys-vehicle-physics.md,takedown,15
2021-04-16-ispammer.md,2021,04,16,ispammer.md,takedown,2
2021-04-16-laravel.md,2021,04,16,laravel.md,takedown,1
2021-04-16-mission-json-loader.md,2021,04,16,mission-json-loader.md,takedown,2
2021-04-16-oreilly.md,2021,04,16,oreilly.md,takedown,1
2021-04-16-policy-bazaar.md,2021,04,16,policy-bazaar.md,takedown,1
2021-04-16-propixelizer.md,2021,04,16,propixelizer.md,takedown,1
2021-04-16-siam-books-2.md,2021,04,16,siam-books-2.md,takedown,1
2021-04-16-siam-books.md,2021,04,16,siam-books.md,takedown,1
2021-04-16-the-data-incubator.md,2021,04,16,the-data-incubator.md,takedown,39
2021-04-19-codility.md,2021,04,19,codility.md,takedown,1
2021-04-19-iberdrola.md,2021,04,19,iberdrola.md,takedown,1
2021-04-19-marley-spoon-2.md,2021,04,19,marley-spoon-2.md,takedown,1
2021-04-19-marley-spoon.md,2021,04,19,marley-spoon.md,takedown,3
2021-04-19-medqor.md,2021,04,19,medqor.md,takedown,1
2021-04-19-policy-bazaar.md,2021,04,19,policy-bazaar.md,takedown,1
2021-04-19-servicenow.md,2021,04,19,servicenow.md,takedown,4
2021-04-19-textnow.md,2021,04,19,textnow.md,takedown,35
2021-04-19-the-data-incubator.md,2021,04,19,the-data-incubator.md,takedown,61
2021-04-20-58-group.md,2021,04,20,58-group.md,takedown,1
2021-04-20-acb-bank-vietnam.md,2021,04,20,acb-bank-vietnam.md,takedown,1
2021-04-20-blackrock.md,2021,04,20,blackrock.md,takedown,1
2021-04-20-droggol.md,2021,04,20,droggol.md,takedown,1
2021-04-20-i2dl.md,2021,04,20,i2dl.md,takedown,4
2021-04-20-laravel.md,2021,04,20,laravel.md,takedown,1
2021-04-20-linux-system-programming.md,2021,04,20,linux-system-programming.md,takedown,1
2021-04-20-on-entertainment.md,2021,04,20,on-entertainment.md,takedown,1
2021-04-20-pearson.md,2021,04,20,pearson.md,takedown,2
2021-04-20-scorm-api.md,2021,04,20,scorm-api.md,takedown,6
2021-04-20-ultimate-character-controller.md,2021,04,20,ultimate-character-controller.md,takedown,21
2021-04-21-gempixel.md,2021,04,21,gempixel.md,takedown,1
2021-04-21-hachette.md,2021,04,21,hachette.md,takedown,1
2021-04-21-hive-games.md,2021,04,21,hive-games.md,takedown,1
2021-04-21-humanmasterplugin.md,2021,04,21,humanmasterplugin.md,takedown,1
2021-04-21-sersaexperian.md,2021,04,21,sersaexperian.md,takedown,1
2021-04-22-edhesive.md,2021,04,22,edhesive.md,takedown,1
2021-04-22-graticule.md,2021,04,22,graticule.md,takedown,1
2021-04-22-medieval-armour.md,2021,04,22,medieval-armour.md,takedown,1
2021-04-22-typoma.md,2021,04,22,typoma.md,takedown,2
2021-04-23-botguru-net.md,2021,04,23,botguru-net.md,takedown,1
2021-04-23-geeksforgeeks.md,2021,04,23,geeksforgeeks.md,takedown,3
2021-04-23-laravel.md,2021,04,23,laravel.md,takedown,1
2021-04-23-policy-bazaar.md,2021,04,23,policy-bazaar.md,takedown,1
2021-04-23-rythmbot-2.md,2021,04,23,rythmbot-2.md,takedown,1
2021-04-23-rythmbot.md,2021,04,23,rythmbot.md,takedown,2
2021-04-23-the-data-incubator-2.md,2021,04,23,the-data-incubator-2.md,takedown,15
2021-04-23-the-data-incubator.md,2021,04,23,the-data-incubator.md,takedown,11
2021-04-23-webnovel-npm.md,2021,04,23,webnovel-npm.md,takedown,1
2021-04-23-western-governors-university.md,2021,04,23,western-governors-university.md,takedown,1
2021-04-24-fivem.md,2021,04,24,fivem.md,takedown,1
2021-04-26-cdk-global.md,2021,04,26,cdk-global.md,takedown,2
2021-04-26-mashreq-bank.md,2021,04,26,mashreq-bank.md,takedown,1
2021-04-26-offensive-security.md,2021,04,26,offensive-security.md,takedown,1
2021-04-26-rackbank.md,2021,04,26,rackbank.md,takedown,1
2021-04-27-amazon.md,2021,04,27,amazon.md,takedown,1
2021-04-27-ccsf.md,2021,04,27,ccsf.md,takedown,1
2021-04-27-cygames.md,2021,04,27,cygames.md,takedown,1
2021-04-27-hurricane-vr.md,2021,04,27,hurricane-vr.md,takedown,1
2021-04-27-ioncube.md,2021,04,27,ioncube.md,takedown,1
2021-04-27-laravel.md,2021,04,27,laravel.md,takedown,3
2021-04-27-offensive-security.md,2021,04,27,offensive-security.md,takedown,1
2021-04-27-packt.md,2021,04,27,packt.md,takedown,685
2021-04-27-pdftron-systems.md,2021,04,27,pdftron-systems.md,takedown,3
2021-04-27-playtika.md,2021,04,27,playtika.md,takedown,1
2021-04-27-sensetime.md,2021,04,27,sensetime.md,takedown,2
2021-04-27-source-code.md,2021,04,27,source-code.md,takedown,1
2021-04-27-umich.md,2021,04,27,umich.md,takedown,1
2021-04-27-zombie-panic.md,2021,04,27,zombie-panic.md,takedown,1
2021-04-28-gamevanilla-2.md,2021,04,28,gamevanilla-2.md,takedown,6
2021-04-28-gamevanilla.md,2021,04,28,gamevanilla.md,takedown,25
2021-04-28-john-deere.md,2021,04,28,john-deere.md,takedown,2
2021-04-28-multiple-progress-bar.md,2021,04,28,multiple-progress-bar.md,takedown,3
2021-04-28-packt.md,2021,04,28,packt.md,takedown,25
2021-04-28-pdftron-systems-counternotice.md,2021,04,28,pdftron-systems-counternotice.md,counternotice,3
2021-04-28-runebot.md,2021,04,28,runebot.md,takedown,1
2021-04-29-google.md,2021,04,29,google.md,takedown,1
2021-04-29-mountainproject-counternotice.md,2021,04,29,mountainproject-counternotice.md,counternotice,1
2021-04-29-pearson-counternotice.md,2021,04,29,pearson-counternotice.md,counternotice,1
2021-04-29-source-code.md,2021,04,29,source-code.md,takedown,1
2021-04-30-73lines.md,2021,04,30,73lines.md,takedown,2
2021-04-30-jet-brains.md,2021,04,30,jet-brains.md,takedown,11
2021-04-30-padma-publishing.md,2021,04,30,padma-publishing.md,takedown,1
2021-04-30-source-code-2.md,2021,04,30,source-code-2.md,takedown,1
2021-04-30-source-code.md,2021,04,30,source-code.md,takedown,4
2021-04-30-verus.md,2021,04,30,verus.md,takedown,1
2021-05-03-correlation-one-2.md,2021,05,03,correlation-one-2.md,takedown,1
2021-05-03-correlation-one.md,2021,05,03,correlation-one.md,takedown,1
2021-05-03-curvy-splines.md,2021,05,03,curvy-splines.md,takedown,1
2021-05-03-hive-games-2.md,2021,05,03,hive-games-2.md,takedown,1
2021-05-03-hive-games.md,2021,05,03,hive-games.md,takedown,1
2021-05-03-john-deere.md,2021,05,03,john-deere.md,takedown,1
2021-05-03-rev19.md,2021,05,03,rev19.md,takedown,1
2021-05-03-synopsys.md,2021,05,03,synopsys.md,takedown,1
2021-05-04-apoc-gaming.md,2021,05,04,apoc-gaming.md,takedown,2
2021-05-04-gamevanilla-2.md,2021,05,04,gamevanilla-2.md,takedown,3
2021-05-04-gamevanilla.md,2021,05,04,gamevanilla.md,takedown,6
2021-05-04-img.md,2021,05,04,img.md,takedown,1
2021-05-04-letrium.md,2021,05,04,letrium.md,takedown,1
2021-05-04-next-theme.md,2021,05,04,next-theme.md,takedown,1
2021-05-04-wiley.md,2021,05,04,wiley.md,takedown,1
2021-05-05-hive-games.md,2021,05,05,hive-games.md,takedown,1
2021-05-05-prezly.md,2021,05,05,prezly.md,takedown,1
2021-05-05-runebot.md,2021,05,05,runebot.md,takedown,2
2021-05-05-source-code.md,2021,05,05,source-code.md,takedown,1
2021-05-05-the-data-incubator.md,2021,05,05,the-data-incubator.md,takedown,2
2021-05-05-thrivemes.md,2021,05,05,thrivemes.md,takedown,2
2021-05-05-tictic.md,2021,05,05,tictic.md,takedown,1
2021-05-05-zeltux-2.md,2021,05,05,zeltux-2.md,takedown,1
2021-05-05-zeltux.md,2021,05,05,zeltux.md,takedown,1
2021-05-05-zezenia-online.md,2021,05,05,zezenia-online.md,takedown,1
2021-05-06-apple.md,2021,05,06,apple.md,takedown,1
2021-05-06-codility.md,2021,05,06,codility.md,takedown,1
2021-05-06-cse452.md,2021,05,06,cse452.md,takedown,1
2021-05-06-gamevanilla.md,2021,05,06,gamevanilla.md,takedown,4
2021-05-06-sedenuserbot.md,2021,05,06,sedenuserbot.md,takedown,3
2021-05-06-source-code.md,2021,05,06,source-code.md,takedown,1
2021-05-06-zombie-panic.md,2021,05,06,zombie-panic.md,takedown,1
2021-05-07-droggol-2.md,2021,05,07,droggol-2.md,takedown,1
2021-05-07-droggol.md,2021,05,07,droggol.md,takedown,2
2021-05-07-flexiblog.md,2021,05,07,flexiblog.md,takedown,1
2021-05-07-gamecms.md,2021,05,07,gamecms.md,takedown,1
2021-05-07-gamevanilla.md,2021,05,07,gamevanilla.md,takedown,20
2021-05-07-limilabs.md,2021,05,07,limilabs.md,takedown,1
2021-05-10-comptia.md,2021,05,10,comptia.md,takedown,1
2021-05-10-curvy-splines.md,2021,05,10,curvy-splines.md,takedown,3
2021-05-10-foragerone.md,2021,05,10,foragerone.md,takedown,2
2021-05-10-laraship.md,2021,05,10,laraship.md,takedown,1
2021-05-10-runebot-counternotice.md,2021,05,10,runebot-counternotice.md,counternotice,2
2021-05-11-58-group.md,2021,05,11,58-group.md,takedown,2
2021-05-11-DlibFaceLandmarkDetector.md,2021,05,11,DlibFaceLandmarkDetector.md,takedown,1
2021-05-11-featool-cfdtool.md,2021,05,11,featool-cfdtool.md,takedown,5
2021-05-11-opencvforunity.md,2021,05,11,opencvforunity.md,takedown,2
2021-05-11-owl-erp.md,2021,05,11,owl-erp.md,takedown,2
2021-05-11-vrchat-mod.md,2021,05,11,vrchat-mod.md,takedown,2
2021-05-11-zamblek.md,2021,05,11,zamblek.md,takedown,1
2021-05-12-acunetix.md,2021,05,12,acunetix.md,takedown,4
2021-05-12-co-487-uwaterloo.md,2021,05,12,co-487-uwaterloo.md,takedown,1
2021-05-12-cox-communications.md,2021,05,12,cox-communications.md,takedown,1
2021-05-12-enrollment-management-association.md,2021,05,12,enrollment-management-association.md,takedown,1
2021-05-12-experian.md,2021,05,12,experian.md,takedown,2
2021-05-12-github.md,2021,05,12,github.md,takedown,2
2021-05-12-goltv.md,2021,05,12,goltv.md,takedown,1
2021-05-12-nagravision-2.md,2021,05,12,nagravision-2.md,takedown,1
2021-05-12-nagravision-3.md,2021,05,12,nagravision-3.md,takedown,1
2021-05-12-nagravision-4.md,2021,05,12,nagravision-4.md,takedown,1
2021-05-12-nagravision.md,2021,05,12,nagravision.md,takedown,1
2021-05-12-secretsky.md,2021,05,12,secretsky.md,takedown,2
2021-05-12-sensetime-2.md,2021,05,12,sensetime-2.md,takedown,7
2021-05-12-sensetime.md,2021,05,12,sensetime.md,takedown,1
2021-05-12-servmask-2.md,2021,05,12,servmask-2.md,takedown,1
2021-05-12-servmask.md,2021,05,12,servmask.md,takedown,3
2021-05-13-CPE357-2.md,2021,05,13,CPE357-2.md,takedown,1
2021-05-13-co-331-uwaterloo.md,2021,05,13,co-331-uwaterloo.md,takedown,1
2021-05-13-codility-2.md,2021,05,13,codility-2.md,takedown,1
2021-05-13-codility.md,2021,05,13,codility.md,takedown,1
2021-05-13-gamevanilla.md,2021,05,13,gamevanilla.md,takedown,1
2021-05-13-inspireui.md,2021,05,13,inspireui.md,takedown,26
2021-05-13-niyo.md,2021,05,13,niyo.md,takedown,1
2021-05-13-policy-bazaar.md,2021,05,13,policy-bazaar.md,takedown,1
2021-05-13-take-two-counternotice.md,2021,05,13,take-two-counternotice.md,counternotice,1
2021-05-13-uni-gamecms-counternotice.md,2021,05,13,uni-gamecms-counternotice.md,counternotice,1
2021-05-14-cfdtool.md,2021,05,14,cfdtool.md,takedown,11
2021-05-14-comptia.md,2021,05,14,comptia.md,takedown,2
2021-05-14-mediatonic-limited.md,2021,05,14,mediatonic-limited.md,takedown,1
2021-05-14-muso.md,2021,05,14,muso.md,takedown,1
2021-05-14-swevers.md,2021,05,14,swevers.md,takedown,3
2021-05-14-yandex-lyceum.md,2021,05,14,yandex-lyceum.md,takedown,9
2021-05-17-german-house-coordinates.md,2021,05,17,german-house-coordinates.md,takedown,11
2021-05-17-multiple-progress-bar.md,2021,05,17,multiple-progress-bar.md,takedown,2
2021-05-17-salwyrr.md,2021,05,17,salwyrr.md,takedown,1
2021-05-18-australianeggs.md,2021,05,18,australianeggs.md,takedown,1
2021-05-18-gamevanilla.md,2021,05,18,gamevanilla.md,takedown,1
2021-05-18-genshin-impact.md,2021,05,18,genshin-impact.md,takedown,1
2021-05-18-hokai-impact.md,2021,05,18,hokai-impact.md,takedown,1
2021-05-18-malwarebytes.md,2021,05,18,malwarebytes.md,takedown,1
2021-05-18-miraculous.md,2021,05,18,miraculous.md,takedown,22
2021-05-18-pikmin.md,2021,05,18,pikmin.md,takedown,1
2021-05-18-shahid.md,2021,05,18,shahid.md,takedown,3
2021-05-18-tgis.md,2021,05,18,tgis.md,takedown,5
2021-05-19-packt.md,2021,05,19,packt.md,takedown,154
2021-05-19-tzdata-javascript.md,2021,05,19,tzdata-javascript.md,takedown,1
2021-05-20-code.md,2021,05,20,code.md,takedown,2
2021-05-20-comptia.md,2021,05,20,comptia.md,takedown,1
2021-05-20-gamevanilla.md,2021,05,20,gamevanilla.md,takedown,1
2021-05-20-gtbank.md,2021,05,20,gtbank.md,takedown,1
2021-05-20-hyperdap.md,2021,05,20,hyperdap.md,takedown,3
2021-05-20-laravel.md,2021,05,20,laravel.md,takedown,1
2021-05-20-loaf.md,2021,05,20,loaf.md,takedown,41
2021-05-20-monolisa-font.md,2021,05,20,monolisa-font.md,takedown,1
2021-05-20-pearson.md,2021,05,20,pearson.md,takedown,1
2021-05-20-pictures.md,2021,05,20,pictures.md,takedown,1
2021-05-20-ricimi.md,2021,05,20,ricimi.md,takedown,20
2021-05-20-snakeeyes.md,2021,05,20,snakeeyes.md,takedown,2
2021-05-20-source-code.md,2021,05,20,source-code.md,takedown,3
2021-05-20-xiamenbank.md,2021,05,20,xiamenbank.md,takedown,1
2021-05-21-linguagem-c.md,2021,05,21,linguagem-c.md,takedown,1
2021-05-21-playtika.md,2021,05,21,playtika.md,takedown,1
2021-05-21-shahid.md,2021,05,21,shahid.md,takedown,1
2021-05-21-theme-tools.md,2021,05,21,theme-tools.md,takedown,1
2021-05-21-verus.md,2021,05,21,verus.md,takedown,15
2021-05-24-chocohax.md,2021,05,24,chocohax.md,takedown,5
2021-05-24-elsevier.md,2021,05,24,elsevier.md,takedown,2
2021-05-24-gravity.md,2021,05,24,gravity.md,takedown,1
2021-05-24-rit-online.md,2021,05,24,rit-online.md,takedown,1
2021-05-24-sky-italia.md,2021,05,24,sky-italia.md,takedown,2
2021-05-24-source-code.md,2021,05,24,source-code.md,takedown,2
2021-05-24-wiley.md,2021,05,24,wiley.md,takedown,1
2021-05-25-bigniu.md,2021,05,25,bigniu.md,takedown,1
2021-05-25-branded-research.md,2021,05,25,branded-research.md,takedown,1
2021-05-25-comptia.md,2021,05,25,comptia.md,takedown,1
2021-05-25-goltv.md,2021,05,25,goltv.md,takedown,1
2021-05-25-hurricanevr.md,2021,05,25,hurricanevr.md,takedown,1
2021-05-25-instagram.md,2021,05,25,instagram.md,takedown,4
2021-05-25-libmhyprot.md,2021,05,25,libmhyprot.md,takedown,2
2021-05-25-mcgraw-hill.md,2021,05,25,mcgraw-hill.md,takedown,3
2021-05-25-northwoods.md,2021,05,25,northwoods.md,takedown,2
2021-05-25-oreilly.md,2021,05,25,oreilly.md,takedown,8
2021-05-25-privatecoronavirustests.md,2021,05,25,privatecoronavirustests.md,takedown,1
2021-05-25-renren.md,2021,05,25,renren.md,takedown,17
2021-05-25-rtgi-reshade.md,2021,05,25,rtgi-reshade.md,takedown,18
2021-05-26-16843.md,2021,05,26,16843.md,takedown,1
2021-05-26-country-garden-group.md,2021,05,26,country-garden-group.md,takedown,1
2021-05-26-dw-latex.md,2021,05,26,dw-latex.md,takedown,1
2021-05-26-hay-house.md,2021,05,26,hay-house.md,takedown,1
2021-05-26-ola.md,2021,05,26,ola.md,takedown,1
2021-05-26-rust.md,2021,05,26,rust.md,takedown,1
2021-05-26-source-code-2.md,2021,05,26,source-code-2.md,takedown,5
2021-05-27-abs-cbn.md,2021,05,27,abs-cbn.md,takedown,4
2021-05-27-droggol.md,2021,05,27,droggol.md,takedown,2
2021-05-27-ice-cyber-security.md,2021,05,27,ice-cyber-security.md,takedown,4
2021-05-27-ihg.md,2021,05,27,ihg.md,takedown,1
2021-05-27-nch-software.md,2021,05,27,nch-software.md,takedown,1
2021-05-27-ricimi.md,2021,05,27,ricimi.md,takedown,14
2021-05-27-sedenuserbot.md,2021,05,27,sedenuserbot.md,takedown,2
2021-05-27-shahid.md,2021,05,27,shahid.md,takedown,1
2021-05-27-zooce-syntax.md,2021,05,27,zooce-syntax.md,takedown,3
2021-06-01-brokrbinder.md,2021,06,01,brokrbinder.md,takedown,1
2021-06-01-discord-cogs.md,2021,06,01,discord-cogs.md,takedown,2
2021-06-01-inspireui.md,2021,06,01,inspireui.md,takedown,8
2021-06-01-ricimi.md,2021,06,01,ricimi.md,takedown,30
2021-06-01-rtgi-reshade.md,2021,06,01,rtgi-reshade.md,takedown,2
2021-06-01-sedenuserbot.md,2021,06,01,sedenuserbot.md,takedown,4
2021-06-01-shahid.md,2021,06,01,shahid.md,takedown,1
2021-06-01-source-code.md,2021,06,01,source-code.md,takedown,1
2021-06-01-ultimate-membership-pro-wordpress-plugin.md,2021,06,01,ultimate-membership-pro-wordpress-plugin.md,takedown,1
2021-06-02-broadcom.md,2021,06,02,broadcom.md,takedown,1
2021-06-02-codility-counternotice.md,2021,06,02,codility-counternotice.md,counternotice,1
2021-06-02-libmhyprot.md,2021,06,02,libmhyprot.md,takedown,4
2021-06-02-onepop.md,2021,06,02,onepop.md,takedown,1
2021-06-02-sngine-counternotice.md,2021,06,02,sngine-counternotice.md,counternotice,1
2021-06-02-source-code.md,2021,06,02,source-code.md,takedown,1
2021-06-02-utoronto.md,2021,06,02,utoronto.md,takedown,15
2021-06-03-blizzard-2.md,2021,06,03,blizzard-2.md,takedown,22
2021-06-03-blizzard.md,2021,06,03,blizzard.md,takedown,73
2021-06-03-exercitia-latina.md,2021,06,03,exercitia-latina.md,takedown,1
2021-06-03-karta-gps.md,2021,06,03,karta-gps.md,takedown,1
2021-06-03-miraculous.md,2021,06,03,miraculous.md,takedown,36
2021-06-03-nagravision.md,2021,06,03,nagravision.md,takedown,1
2021-06-03-rusherhack.md,2021,06,03,rusherhack.md,takedown,5
2021-06-03-sky-italia.md,2021,06,03,sky-italia.md,takedown,3
2021-06-03-tbomb.md,2021,06,03,tbomb.md,takedown,2
2021-06-04-banco-pan.md,2021,06,04,banco-pan.md,takedown,1
2021-06-04-faotools-2.md,2021,06,04,faotools-2.md,takedown,1
2021-06-04-faotools.md,2021,06,04,faotools.md,takedown,1
2021-06-04-metaquotes.md,2021,06,04,metaquotes.md,takedown,3
2021-06-04-mihoyo.md,2021,06,04,mihoyo.md,takedown,2
2021-06-04-ricimi.md,2021,06,04,ricimi.md,takedown,27
2021-06-04-tokopedia.md,2021,06,04,tokopedia.md,takedown,10
2021-06-04-vmware.md,2021,06,04,vmware.md,takedown,6
2021-06-07-adobe.md,2021,06,07,adobe.md,takedown,1
2021-06-07-ami.md,2021,06,07,ami.md,takedown,6
2021-06-07-blackhawk-network.md,2021,06,07,blackhawk-network.md,takedown,1
2021-06-07-contractor-compliance.md,2021,06,07,contractor-compliance.md,takedown,2
2021-06-07-embedded.md,2021,06,07,embedded.md,takedown,2
2021-06-07-the-data-incubator.md,2021,06,07,the-data-incubator.md,takedown,23
2021-06-07-video-glitches.md,2021,06,07,video-glitches.md,takedown,1
2021-06-07-virtusa-2.md,2021,06,07,virtusa-2.md,takedown,1
2021-06-07-virtusa-3.md,2021,06,07,virtusa-3.md,takedown,1
2021-06-07-virtusa-4.md,2021,06,07,virtusa-4.md,takedown,2
2021-06-07-virtusa-5.md,2021,06,07,virtusa-5.md,takedown,2
2021-06-07-virtusa-6.md,2021,06,07,virtusa-6.md,takedown,2
2021-06-07-virtusa.md,2021,06,07,virtusa.md,takedown,1
2021-06-08-1pop-2.md,2021,06,08,1pop-2.md,takedown,3
2021-06-08-1pop.md,2021,06,08,1pop.md,takedown,1
2021-06-08-utoronto-2.md,2021,06,08,utoronto-2.md,takedown,1
2021-06-08-utoronto.md,2021,06,08,utoronto.md,takedown,1
2021-06-09-58-group.md,2021,06,09,58-group.md,takedown,1
2021-06-09-edmodo.md,2021,06,09,edmodo.md,takedown,1
2021-06-09-elrond.md,2021,06,09,elrond.md,takedown,1
2021-06-09-flexiblog-2.md,2021,06,09,flexiblog-2.md,takedown,1
2021-06-09-flexiblog.md,2021,06,09,flexiblog.md,takedown,1
2021-06-09-ispammer-2.md,2021,06,09,ispammer-2.md,takedown,2
2021-06-09-ispammer-3.md,2021,06,09,ispammer-3.md,takedown,2
2021-06-09-ispammer.md,2021,06,09,ispammer.md,takedown,3
2021-06-09-kodanshacomics.md,2021,06,09,kodanshacomics.md,takedown,1
2021-06-09-maple-leaf-flag.md,2021,06,09,maple-leaf-flag.md,takedown,1
2021-06-09-packt-2.md,2021,06,09,packt-2.md,takedown,226
2021-06-09-packt.md,2021,06,09,packt.md,takedown,159
2021-06-09-react-native-decompiler-npm.md,2021,06,09,react-native-decompiler-npm.md,takedown,1
2021-06-09-sherm.md,2021,06,09,sherm.md,takedown,1
2021-06-10-aalto-university.md,2021,06,10,aalto-university.md,takedown,1
2021-06-10-artestore.md,2021,06,10,artestore.md,takedown,1
2021-06-10-bmc-software-2.md,2021,06,10,bmc-software-2.md,takedown,1
2021-06-10-bmc-software.md,2021,06,10,bmc-software.md,takedown,1
2021-06-10-happytimesoft.md,2021,06,10,happytimesoft.md,takedown,2
2021-06-10-ispammer-2.md,2021,06,10,ispammer-2.md,takedown,2
2021-06-10-ispammer.md,2021,06,10,ispammer.md,takedown,2
2021-06-10-manning.md,2021,06,10,manning.md,takedown,1
2021-06-10-odoo.md,2021,06,10,odoo.md,takedown,7
2021-06-10-pdfrenderer.md,2021,06,10,pdfrenderer.md,takedown,13
2021-06-10-react-native-decompiler.md,2021,06,10,react-native-decompiler.md,takedown,3
2021-06-10-ricimi.md,2021,06,10,ricimi.md,takedown,16
2021-06-10-take-two-counternotice.md,2021,06,10,take-two-counternotice.md,counternotice,1
2021-06-10-the-data-incubator.md,2021,06,10,the-data-incubator.md,takedown,3
2021-06-10-utoronto.md,2021,06,10,utoronto.md,takedown,1
2021-06-10-webkul.md,2021,06,10,webkul.md,takedown,11
2021-06-10-zag.md,2021,06,10,zag.md,takedown,1
2021-06-11-bmc-software-2.md,2021,06,11,bmc-software-2.md,takedown,1
2021-06-11-bmc-software-3.md,2021,06,11,bmc-software-3.md,takedown,1
2021-06-11-bmc-software-4.md,2021,06,11,bmc-software-4.md,takedown,1
2021-06-11-bmc-software-5.md,2021,06,11,bmc-software-5.md,takedown,1
2021-06-11-building-mobile-apps-at-scale.md,2021,06,11,building-mobile-apps-at-scale.md,takedown,1
2021-06-11-discordlistforbots.md,2021,06,11,discordlistforbots.md,takedown,1
2021-06-11-goltv.md,2021,06,11,goltv.md,takedown,1
2021-06-11-hca.md,2021,06,11,hca.md,takedown,2
2021-06-11-infosys.md,2021,06,11,infosys.md,takedown,3
2021-06-11-mhyprot.md,2021,06,11,mhyprot.md,takedown,2
2021-06-11-oxford-university-press.md,2021,06,11,oxford-university-press.md,takedown,1
2021-06-11-shizhuang-technology.md,2021,06,11,shizhuang-technology.md,takedown,1
2021-06-11-wisdom-cafe.md,2021,06,11,wisdom-cafe.md,takedown,1
2021-06-14-bmc-software.md,2021,06,14,bmc-software.md,takedown,1
2021-06-14-ovtracker-2.md,2021,06,14,ovtracker-2.md,takedown,1
2021-06-14-ovtracker.md,2021,06,14,ovtracker.md,takedown,1
2021-06-15-beijing-supermap-software.md,2021,06,15,beijing-supermap-software.md,takedown,4
2021-06-15-salarium.md,2021,06,15,salarium.md,takedown,1
2021-06-16-clean-cartoon.md,2021,06,16,clean-cartoon.md,takedown,15
2021-06-16-ultimateclean.md,2021,06,16,ultimateclean.md,takedown,1
2021-06-17-1pop.md,2021,06,17,1pop.md,takedown,8
2021-06-17-Ecology.md,2021,06,17,Ecology.md,takedown,2
2021-06-17-onflix.md,2021,06,17,onflix.md,takedown,1
2021-06-17-vb6.md,2021,06,17,vb6.md,takedown,2
2021-06-18-exercitia-latina.md,2021,06,18,exercitia-latina.md,takedown,6
2021-06-21-cafeyn.md,2021,06,21,cafeyn.md,takedown,1
2021-06-21-comeso.md,2021,06,21,comeso.md,takedown,1
2021-06-21-netease.md,2021,06,21,netease.md,takedown,3
2021-06-22-faw-toyota-motor-sales.md,2021,06,22,faw-toyota-motor-sales.md,takedown,1
2021-06-22-forwardtagremoverbot.md,2021,06,22,forwardtagremoverbot.md,takedown,2
2021-06-23-clusteredtravelingsalesmanproblem.md,2021,06,23,clusteredtravelingsalesmanproblem.md,takedown,1
2021-06-23-happytimesoft.md,2021,06,23,happytimesoft.md,takedown,8
2021-06-23-metaquotes-counternotice.md,2021,06,23,metaquotes-counternotice.md,counternotice,3
2021-06-24-acs-hms.md,2021,06,24,acs-hms.md,takedown,3
2021-06-24-core-vehicle.md,2021,06,24,core-vehicle.md,takedown,2
2021-06-24-sans.md,2021,06,24,sans.md,takedown,7
2021-06-25-advancedgroups.md,2021,06,25,advancedgroups.md,takedown,1
2021-06-25-bs2.md,2021,06,25,bs2.md,takedown,1
2021-06-25-comp3200-2.md,2021,06,25,comp3200-2.md,takedown,3
2021-06-25-comp3200.md,2021,06,25,comp3200.md,takedown,4
2021-06-25-droggol-2.md,2021,06,25,droggol-2.md,takedown,1
2021-06-25-droggol.md,2021,06,25,droggol.md,takedown,1
2021-06-25-flexiblog.md,2021,06,25,flexiblog.md,takedown,1
2021-06-25-hook.md,2021,06,25,hook.md,takedown,1
2021-06-25-mail-dll.md,2021,06,25,mail-dll.md,takedown,2
2021-06-25-ricimi.md,2021,06,25,ricimi.md,takedown,23
2021-06-25-screw-fantasy.md,2021,06,25,screw-fantasy.md,takedown,1
2021-06-25-sedenuserbot.md,2021,06,25,sedenuserbot.md,takedown,2
2021-06-25-segmentation.md,2021,06,25,segmentation.md,takedown,2
2021-06-25-spec.md,2021,06,25,spec.md,takedown,13
2021-06-28-phonepe-2.md,2021,06,28,phonepe-2.md,takedown,1
2021-06-28-phonepe.md,2021,06,28,phonepe.md,takedown,1
2021-06-28-sensetime.md,2021,06,28,sensetime.md,takedown,2
2021-06-28-source-code.md,2021,06,28,source-code.md,takedown,4
2021-06-28-theshed.md,2021,06,28,theshed.md,takedown,3
2021-06-29-hive-games.md,2021,06,29,hive-games.md,takedown,1
2021-06-29-playtika.md,2021,06,29,playtika.md,takedown,1
2021-06-29-policy-bazaar.md,2021,06,29,policy-bazaar.md,takedown,1
2021-06-29-shanghai-handpay-information-technology.md,2021,06,29,shanghai-handpay-information-technology.md,takedown,1
2021-06-29-source-code-counternotice.md,2021,06,29,source-code-counternotice.md,counternotice,1
2021-06-29-source-code.md,2021,06,29,source-code.md,takedown,1
2021-06-29-tvmucho.md,2021,06,29,tvmucho.md,takedown,1
2021-06-29-walkover.md,2021,06,29,walkover.md,takedown,1
2021-06-30-circlebot.md,2021,06,30,circlebot.md,takedown,1
2021-06-30-ibm.md,2021,06,30,ibm.md,takedown,4
2021-06-30-levi.md,2021,06,30,levi.md,takedown,1
